id;organisation_id;organisation_name;organisation_register_date;customer_id;customer_name
1;connecting navigating value-added;copy;2020-11-12;virtual Executive;Checking Account
2;static;Costa Rica PCI Serbia;2020-11-12;internet solution;killer
3;purple;mission-critical world-class indexing;2020-11-13;reboot revolutionize technologies;Avon circuit RSS
4;Granite;protocol;2020-11-13;Function-based Clothing;Table Web Customer
5;Agent;extensible Outdoors;2020-11-12;Wooden AGP;Maine index
6;solutions;Louisiana Investor;2020-11-12;wireless;Argentine Peso
7;Swaziland;Auto Loan Account application;2020-11-13;feed maroon Cuba;groupware Bacon Guinea Franc
8;Bedfordshire Louisiana;Saudi Riyal Generic Frozen Soap;2020-11-12;Rustic;Wooden Enterprise-wide
9;Kids copying;Rustic ubiquitous;2020-11-12;primary Washington contingency;iterate override HDD
10;Concrete;Kansas;2020-11-12;Incredible;input Norway
